,text,emdType,emdTypePred
70,MPV 870 00040 CONGRESSO NACIONAL ETIQ UETA APRESENTAÇÃO DE EMENDAS MEDIDA PROVISÓRIA Nº 870/2019 Autor Partido Dep . Zé Carlos PT 1 . ____ Supressiva 2.____ Substitutiva 3 . ___ Modificativa 4 . X Aditiva CD/19487.47912-78 TEXTO / JUSTIFICAÇÃO,O,O
218,"Dê-se , ao artigo 65 da Medida Provisória nº 870 , de 2019 , a seguinte redação : “ Art . 65 . Fica , a Escola de Administração Fazendária – ESAF , de que trata o Decreto nº 73.115 , de 8 de novembro de 1973 , transformada em Escola Superior de Administração Tributária e Aduaneira – ESATA , integrada à Secretaria Especial da Receita Federal do Brasil . Art 65-A . O Decreto-Lei nº 1.437 , de 17 de dezembro de 1975 , passa a vigorar com as seguintes alterações : “ Art . 6º ... ... ... ... ... ... ... ... ... ... ... ... ... ... ... ... ... ... ... ... ... ... ... ... ... ... ... ... ... ... ... ... . Parágrafo único . ... ... ... ... ... ... ... ... ... ... ... ... ... ... ... ... ... ... ... ... ... ... ... ... ... ... ... ... ... ... ... ... ... ... ... ... ... ... ... ... ... ... ... ... ... ... ... ... ... ... ... ... ... ... ... ... ... ... ... ... ... ... ... . d ) as atividades específicas da Escola Superior de Administração Tributária e Aduaneira – ESATA , da Secretaria Especial da Receita Federal do Brasil , a cujo crédito se levarão todos os recursos vinculados às atividades daquela Escola , orçamentários e extra- orçamentários , inclusive a receita própria. ” ( NR ) Art . 65-B . Ficam transferidos , o acervo de material e o pessoal da Escola de Administração Fazendária – ESAF , para a Secretaria Especial da Receita Federal do Brasil . Página 1 de 8 § 1º As dotações orçamentárias consignadas no orçamento para a Escola de Administração Fazendária – ESAF - passam a ser administradas pela Secretaria Especial da Receita Federal do Brasil . § 2º A Secretaria Especial da Receita Federal do Brasil utilizará e CD/19867.50638-11 administrará os bens imóveis atualmente à disposição da Escola de Administração Fazendária – ESAF .",MOD,MOD
258,"Os Arts . 37 , 38 , 43 e 44 , da Medida Provisória nº 870 , de 1º de janeiro de 2019 passam a vigorar com as seguintes alterações : “ Art.37 ... ... ... ... ... ... ... ... ... ... ... ... ... ... ... ... ... ... ... ... ... ... ... ... ... ... ... ... ... ... ... ... .. ... ... ... ... ... ... ... ... ... ... ... ... ... ... ... ... ... ... ... ... ... ... ... ... ... ... ... ... ... ... ... ... ... ... ... ... ... ... ... .. XXIV - direitos do índio , inclusive , junto com o Ministério da Saúde , no acompanhamento das ações de saúde desenvolvidas em prol das comunidades indígenas ; gestão territorial e produção econômica dos povos indígenas ; identificação , delimitação , demarcação e os registros das terras tradicionalmente ocupadas por indígenas em parceria com o Incra ; e o licenciamento ambiental em parceria com o Ibama ” . “ Art.38 ... ... ... ... ... ... ... ... ... ... ... ... ... ... ... ... ... ... ... ... ... ... ... ... ... ... ... ... ... ... ... ... .. ... ... ... ... ... ... ... ... ... ... ... ... ... ... ... ... ... ... ... ... ... ... ... ... ... ... ... ... ... ... ... ... ... ... ... ... ... ... ... .. XV – Fundação Nacional do Índio ; e XVI - o Conselho Nacional da Juventude ” “ Art . 44 ... ... ... ... ... ... ... ... ... ... ... ... ... ... ... ... ... ... ... ... ... ... ... ... ... ... ... ... ... ... ... ... . ... ... ... ... ... ... ... ... ... ... ... ... ... ... ... ... ... ... ... ... ... ... ... ... ... ... ... ... ... ... ... ... ... ... ... ... ... ... ... .. XVIII - o Conselho Nacional dos Direitos da Mulher ; e XIX - o Conselho Nacional da Juventude ” .",MOD,MOD
33,"Acrescente-se ao art . 37 da Medida Provisória o seguinte inciso II Acrescente-se ao art . 38 da Medida Provisória o seguinte inciso VI , renumerando-se os demais : “ Art . 38 ... ... ... ... ... ... ... ... ... ... ... ... ... ... ... ... ... ... ... ... ... ... ... ... ... ... ... ... ... ... ... ... ... ... ... ... ... ... ... ... ... ... ... ... ... ... ... ... ... ... ... ... ... ... ... ... ... ... ... ... ... ... ... ... VI - o Conselho Nacional de Política Indigenista ; ... ... ... ... ... ... ... ... ... ... ... ... ... ... ... ... ... ... ... ... ... ... ... ... ... ... ... ... ... ... ... ... ... .",ADD,SUP
42,"MPV 870 00024 COMISSÃO MISTA DA MEDIDA PROVISÓRIA Nº 870 , DE 2019 MEDIDA PROVISÓRIA Nº 870 , DE 2019 Estabelece a organização básica dos órgãos da Presidência da República e dos Ministérios . CD/19481.44084-21 EMENDA SUBSTITUTIVA",O,O
77,"Os Arts . 29 , 39 e 40 da Medida Provisória nº 870 , de 1º de janeiro de 2019 passam a vigorar com as seguintes alterações : “ Art . 29 ... ... ... ... ... ... ... ... ... ... ... ... ... ... ... ... ... ... ... ... ... ... ... ... ... ... ... ... ... ... ... ... ... ... ... ... ... ... ... ... .. ... ... ... ... ... ... ... ... ... ... ... ... ... ... ... ... ... ... ... ... ... ... ... ... ... ... ... ... ... ... ... ... ... ... ... ... ... . IV - política nacional de irrigação , observadas as competências do Ministério da Agricultura , Pecurária e Abastecimento ; V - política nacional de habitação ; VI - política nacional de saneamento ; VII - política nacional de mobilidade urbana ; VIII - formulação e gestão da política nacional de ordenamento territorial ; IX - estabelecimento de diretrizes e prioridades na aplicação dos recursos dos programas de financiamento de que trata a alínea “ c ” do inciso I do caput do art . 159 da Constituição ; X - estabelecimento de normas para o cumprimento dos programas de financiamento relativos ao Fundo Constitucional de Financiamento do Norte - FNO , ao Fundo Constitucional de Financiamento do Nordeste - FNE e ao Fundo Constitucional de Financiamento do Centro-Oeste - FCO ; XI - estabelecimento de normas para o cumprimento das programações orçamentárias do Fundo de Investimentos da Amazônia - Finam e do Fundo de Investimentos do Nordeste - Finor ; XII - estabelecimento de diretrizes e prioridades na aplicação dos recursos do Fundo de Desenvolvimento da Amazônia - FDA , do Fundo de Desenvolvimento do Nordeste - FDNE e do Fundo de Desenvolvimento do Centro-Oeste - FDCO ; XIII - estabelecimento de diretrizes e critérios de alocação dos recursos do Fundo Nacional de Habitação de Interesse Social - FNHIS ; XIV - estabelecimento de metas a serem alcançadas nos programas de habitação popular , saneamento básico e infraestrutura urbana realizados com aplicação de CD/19887.18884-57 recursos do Fundo de Garantia do Tempo de Serviço - FGTS ; XV - estabelecimento de diretrizes e normas relativas à política de subsídio à habitação popular , ao saneamento e à mobilidade urbana ; XVI - planos , programas , projetos e ações de desenvolvimento regional , metropolitano e urbano ; XVII - planos , programas , projetos e ações de irrigação ; XVIII - planos , programas , projetos e ações de proteção e defesa civil e gestão de riscos e de desastres ; e XIX - planos , programas , projetos e ações de habitação , de saneamento , de mobilidade e de serviços urbanos . Parágrafo único . A competência de que trata o inciso VIII do caput será exercida em conjunto com o Ministério da Defesa ” . “ Art . 39 ... ... ... ... ... ... ... ... ... ... ... ... ... ... ... ... ... ... ... ... ... ... ... ... ... ... ... ... ... ... ... ... ... ... ... ... ... ... ... ... ... ... ... ... ... ... ... ... ... ... ... ... ... ... ... ... ... .. VII – as políticas para o clima e , em particular , sob a coordenação da Casa Civil da Presidência da República , atuar para a implementação da Política Nacional sobre Mudanças do Clima instituída pela Lei nº 12.187 , de 29 de dezembro de 2009 . VIII - política nacional de recursos hídricos ; IX - política nacional de segurança hídrica ; X - planos , programas , projetos e ações de : a ) gestão de recursos hídricos ; e b ) infraestrutura e garantia da segurança hídrica ; e XI – promover o fortalecimento da gestão ambiental territorial de povos e comunidades tradicionais ” . CD/19887.18884-57 “ Art . 40 ... ... ... ... ... ... ... ... ... ... ... ... ... ... ... ... ... ... ... ... ... ... ... ... ... ... ... ... ... ... ... ... ... . ... ... ... ... ... ... ... ... ... ... ... ... ... ... ... ... ... ... ... ... ... ... ... ... ... ... ... ... ... ... ... .. VII - até cinco Secretarias , incluindo uma Secretaria para as atribuições do Ministério , nas políticas para o clima ; XVII - o Conselho Nacional dos Povos e Comunidades Tradicionais ” .",MOD,MOD
137,"Dê-se a seguinte redação ao inciso XIV do art . 21 da MPV 870/2019 : “ Art . 21 ... ... ... ... ... ... ... ... ... ... ... ... ... ... ... ... ... ... ... ... ... ... ... ... ... ... ... ... ... ... ... ... ... ... ... ... ... ... ... ... ... ... ... ... ... ... ... ... ... ... ... ... ... ... ... ... ... ... ... ... ... ... ... ... ... ... ... ... ... : XIV - reforma agrária , regularização fundiária de áreas rurais e quilombolas ; ” ( NR )",MOD,SUP
333,"MPV 870 00183 Gabinete do Senador Humberto Costa EMENDA Nº - CMMPV870 ( À Medida Provisória 870 , de 2019 ) Aditiva SF/19983.11544-42",O,O
245,"MPV 870 00134 MEDIDA PROVISÓRIA Nº 870 , DE 2019 Estabelece a organização básica dos órgãos da Presidência da República e dos Ministérios . EMENDA Nº CD/19911.43169-10",O,O
266,"Inclua-se o seguinte inciso ao art . 37 da MPV 870/2019 : Art . 37 . Constitui área de competência do Ministério da Justiça e Segurança Pública : XXIV – Direito dos povos indígenas . Por decorrência , suprima-se a alínea ì´ do inciso I do art . 43 da MPV 870/2019 : Art . 43 . Constitui área de competência do Ministério da Mulher , da Família e dos Direitos Humanos : I - políticas e diretrizes destinadas à promoção dos direitos humanos , incluídos : i ) direitos do índio , inclusive no acompanhamento das ações de saúde desenvolvidas em prol das comunidades indígenas , sem prejuízo das competências do Ministério da Agricultura , Pecuária e Abastecimento ; Por decorrência , inclua-se o seguinte inciso ao art . 38 da MPV 870/2019 : Art . 38 . Integram a estrutura básica do Ministério da Justiça e Segurança Pública : XV – o Conselho Nacional de Política Indigenista . SF/19490.34611-04 Por decorrência , suprima-se o inciso XVIII do art . 44 : Art . 44 . Integram a estrutura básica do Ministério da Mulher , da Família e dos Direitos Humanos : XVIII - o Conselho Nacional de Política Indigenista ;",MOD,ADD
366,"Por decorrência , dê-se a seguinte redação ao art . 66 da MPV 870/2019 : Art . 66 . A Lei nº 9.984 , de 17 de julho de 2000 , passa a vigorar com as seguintes alterações : “ Art . 3º Fica criada a Agência Nacional de Águas - ANA , autarquia sob regime CD/19001.45069-07 especial , com autonomia administrativa e financeira , vinculada ao Ministério do Meio Ambiente , com a finalidade de implementar , em sua esfera de atribuições , a Política Nacional de Recursos Hídricos , integrante do Sistema Nacional de Gerenciamento de Recursos Hídricos . Por decorrência , dê-se a seguinte redação ao art . 67 da MPV 870/2019 : Art . 67 . A Lei nº 9.433 , de 8 de janeiro de 1997 , passa a vigorar com as seguintes alterações : “ Art . 36 ... ... ... ... ... ... ... ... ... ... ... ... ... ... ... ... ... ... ... ... ... ... ... ... ... ... ... .. I - um Presidente , que será o Ministro de Estado do Meio Ambiente ; II - um Secretário-Executivo , que será o titular do órgão integrante da estrutura do Ministério do Meio Ambiente , responsável pela gestão dos recursos hídricos. ” ( NR ) “ Art . 45 . A Secretaria-Executiva do Conselho Nacional de Recursos Hídricos será exercida pelo órgão integrante da estrutura do Ministério do Meio Ambiente , responsável pela gestão dos recursos hídricos. ” ( NR ) Deputada Joenia Wapichana ( REDE/RR ) Praça dos Três Poderes - Congresso Nacional Câmara dos Deputados , Anexo IV , Gabinete 231 Dep.joeniawapichana @ camara.leg.br - ( 61 ) 3215-5231 Brasília - DF - CEP 70.160-900 CMARA DOS DEPUTADOS Gabinete da Deputada Joenia Wapichana ( REDE/RR )",MOD,MOD
78,MPV 870 00044 CONGRESSO NACIONAL ETIQ UETA APRESENTAÇÃO DE EMENDAS MEDIDA PROVISÓRIA Nº 8700/2019 Autor Partido Dep . Zé Carlos PT 1 . ____ Supressiva 2.____ Substitutiva 3 . X Modificativa 4 . _Aditiva CD/19086.42700-50 TEXTO / JUSTIFICAÇÃO,O,O
284,"Suprimam-se o inciso XIV e o §2º , ambos do art . 21 da Medida Provisória nº 870 , de 2019 .",SUP,SUP
388,"O art . 37 da Medida Provisória nº870 , de 2019 , passam a vigorar com seguinte redação para incluir a Polícia Ferroviária Federal no campo de competência do Ministério da Justiça e Segurança Pública . CD/19937.55782-19 Art.37 ... ... ... ... ... ... ... ... ... ... ... ... ... ... ... ... ... ... ... ... ... ... ... ... ... ... ... ... ... ... ... ... ... ... ... ... ... ... ... ... ... ... ... ... ... ... ... ... ... ... ... ... ... ... ... ... ... ... ... ... ... ... ... XXIV - a competência prevista no art . 144 , & 3º , da Constituição Federal , por meio da Polícia Ferroviária Federal ; e Art.38 - Integram a estrutura básica do Ministério da Justiça e Segurança Pública a Polícia Federal , a Polícia Rodoviária Federal , a Polícia Ferroviária Federal , o Departamento Penitenciário Nacional .",MOD,ADD
155,"MPV 870 00086 ETIQ UETA CONGRESSO NACIONAL APRESENTAÇÃO DE EMENDAS CD/19947.17331-74 MEDIDA PROVISÓRIA Nº 870 , de 2019 Autor Partido Elvino Bohn Gass PT 1 . .____ Supressiva 2.____ Substitutiva 3 . __X__Modificativa 4 . ____Aditiva TEXTO / JUSTIFICAÇÃO",O,O
184,"MPV 870 00100 MEDIDA PROVISÓRIA N.º 870 , DE 1.º DE JANEIRO DE 2019 Estabelece a organização básica dos órgãos da Presidência da República e dos Ministérios . EMENDA MODIFICATIVA",O,O
177,"Dê-se a seguinte redação ao inciso XIV do art . 21 da MPV 870/2019 : “ Art . 21 ... ... ... ... ... ... ... ... ... ... ... ... ... ... ... ... ... ... ... ... ... ... ... ... ... ... ... ... ... ... ... ... ... ... ... ... ... ... ... ... ... ... ... ... ... ... ... ... ... ... ... ... ... ... ... ... ... ... ... ... ... ... ... ... ... ... ... ... ... : XIV - reforma agrária , regularização fundiária de áreas rurais e quilombolas ; ” ( NR )",MOD,SUP
231,"MPV 870 00127 MEDIDA PROVISÓRIA Nº 870 , DE 2019 Estabelece a organização básica dos órgãos da Presidência da República e dos Ministérios . EMENDA SUPRESSIVA",O,O
9,"passam a vigorar CD/19979.34213-60 com as seguintes alterações : “ Art . 37 ... ... ... ... ... ... ... ... ... ... ... ... ... ... ... ... ... ... ... ... ... ... ... ... ... ... ... ... ... ... ... ... ... ... ... .. ... ... ... ... ... ... ... ... ... ... ... ... ... ... ... ... ... ... ... ... ... ... ... ... ... ... ... ... ... ... ... ... ... ... ... .. XXIV - direitos do índio , inclusive , junto com o Ministério da Saúde , no acompanhamento das ações de saúde desenvolvidas em prol das comunidades indígenas ; gestão territorial e produção econômica dos povos indígenas ; identificação , delimitação , demarcação e os registros das terras tradicionalmente ocupadas por indígenas em parceria com o Incra ; e o licenciamento ambiental em parceria com o Ibama ” . “ Art . 38 ... ... ... ... ... ... ... ... ... ... ... ... ... ... ... ... ... ... ... ... ... ... ... ... ... ... ... ... ... ... ... ... ... ... ... ... .. ... ... ... ... ... ... ... ... ... ... ... ... ... ... ... ... ... ... ... ... ... ... ... ... ... .. XV – Fundação Nacional do Índio ; e XVI - o Conselho Nacional da Juventude ” “ Art . 43 ... ... ... ... ... ... ... ... ... ... ... ... ... ... ... ... ... ... ... ... ... ... ... ... ... ... ... ... ... ... ... ... ... ... ... ... I - ... ... ... ... ... ... ... ... ... ... ... ... ... ... ... ... ... ... ... ... ... ... ... ... ... ... ... ... .. h ) direitos das minorias étnicas e sociais ” . “ Art . 44 ... ... ... ... ... ... ... ... ... ... ... ... ... ... ... ... ... ... ... ... ... ... ... ... ... ... ... ... ... ... ... ... . ... ... ... ... ... ... ... ... ... ... ... ... ... ... ... ... ... ... ... ... ... ... ... ... ... ... ... ... ... .. ... . Câmara dos Deputados │Anexo IV – 6° andar - Gabinete 605 - 70160900 - Brasília DF Tel : ( 61 ) 3215-5605 - Fax : ( 61 ) 3215-2605│E-mail : dep.joaodaniel @ camara.gov.br 1 CMARA DOS DEPUTADOS DEPUTADO FEDERAL JOÃO DANIEL PT/SE XVIII - o Conselho Nacional dos Direitos da Mulher ; e XIX - o Conselho Nacional da Juventude ” .",MOD,MOD
195,"Art . 1º A Medida Provisória 870 , de 1º de janeiro de 2019 CD/19818.30081-80 passa a vigorar com as seguintes alterações : “ Art . 40 . ... ... ... . .. .. .. .. .. .. .. .. .. .. .. .. .. .. .. .. .. .. ... .. .. .. .. . . ... ... ... ... ... ... ... ... ... ... ... ... ... ... ... ... ... ... ... ... ... ... ... ... ... ... ... ... ... ... ... ... ... ... ... ... ... ... ... ... : VIII – o Serviço Florestal Brasileiro. ” ( NR ) Art . 2º Em decorrência , ficam suprimidos os seguintes dispositivos da MP 870 , de 1º de janeiro de 2019 : I- § 3.º do art . 21 ; II- inciso VI do art . 22 da MPV 870/2019 ; III- parágrafo único do art . 39 :",MOD,MOD
55,"O Art . 66 , da Medida Provisória nº 870 , de 1º de janeiro de 2019 , passa a vigorar com CD/19657.43385-68 as seguintes alterações : “ Art . 66 ... ... ... ... ... ... ... ... ... ... ... ... ... ... ... ... ... ... ... ... ... ... ... ... ... ... ... ... ... ... ... ... ... ... ... .. Art . 3º Fica criada a Agência Nacional de Águas - ANA , autarquia sob regime especial , com autonomia administrativa e financeira , vinculada ao Ministério do Meio Ambiente , com a finalidade de implementar , em sua esfera de atribuições , a Política Nacional de Recursos Hídricos , integrante do Sistema Nacional de Gerenciamento de Recursos Hídricos . ... ... ... ... ... ... ... ... ... ... ... ... ... ... ... ... ... ... ... ... ... ... ... ... ... ... ... ... ... ... ... ... ... ... ... ... ... ... ... ... ” ( NR ) “ Art . 10 . ... ... ... ... ... ... ... ... ... ... ... ... ... ... ... ... ... ... ... ... ... ... ... ... ... ... ... ... ... ... ... ... ... ... ... ... ... ... .. ... ... ... ... ... ... ... ... ... ... ... ... ... ... ... ... ... ... ... ... ... ... ... ... ... ... ... ... ... ... ... ... ... ... ... ... ... ... ... ... ... ... ... ... §3º Para fins do disposto no § 2º , cabe ao Ministro de Estado do Meio Ambiente instaurar o processo administrativo disciplinar , que será conduzido por comissão especial , e compete ao Presidente da República determinar o afastamento preventivo , quando for o caso , e proferir julgamento. ” ( NR )",MOD,MOD
401,"MPV 870 00234 MEDIDA PROVISÓRIA N.º 870 , DE 1.º DE JANEIRO DE 2019 Estabelece a organização básica dos órgãos da Presidência da República e dos Ministérios .",O,O
285,"MPV 870 00157 MEDIDA PROVISÓRIA Nº 870 , DE 2019 Estabelece a organização básica dos órgãos da Presidência da República e dos Ministérios . EMENDA Nº",O,O
234,"O Art . 24 , e o Art . 85 , da Medida Provisória nº 870 , de 1º de janeiro de 2019 , passam a vigorar com as seguintes alterações : “ Art . 24 ... ... ... ... ... ... ... ... ... ... ... ... ... ... ... ... ... ... ... ... ... ... ... ... ... ... ... ... ... ... ... ... ... ... ... ... ... ... . ... ... ... ... ... ... ... ... ... ... ... ... ... ... ... ... ... ... ... ... ... ... ... ... ... ... ... ... ... ... ... ... ... ... ... ... ... ... ... ... ... . . XVI - o Conselho Nacional de Segurança Alimentar e Nutricional. ” “ Art . 85 ... ... ... ... ... ... ... ... ... ... ... ... ... ... ... ... ... ... ... ... ... ... ... ... ... ... ... ... ... ... ... ... ... ... ... ... ... . ... ... ... ... ... ... ... ... ... ... ... ... ... ... ... ... ... ... ... ... ... ... ... ... ... ... ... ... ... ... .. III - o inciso VI do § 1º do art . 7º da Lei nº 13.334 , de 2016 ; IV - o parágrafo único do art . 3º e os Anexos I e IV à Lei nº 13.346 , de 2016 ; e V - o § 1º do art . 3º da Lei nº 11.473 , de 2007 ; VI - a Lei nº 13.502 , de 1º de novembro de 2017 ; e VI - os seguintes dispositivos da Medida Provisória nº 849 , de 31 de agosto de 2018 : a ) o art . 2º ; b ) o art . 30 ; e c ) o Anexo LX ” .",MOD,MOD
280,"Acrescente-se ao art . 32 da Medida Provisória os seguintes inciso XXXIII e § 2º , renumerando-se como inciso XXXIV o dispositivo que no texto original possui aquela numeração e como § 1º o parágrafo único inserido no artigo contemplado pela presente emenda : Art . 32 . ... ... ... ... ... ... ... ... ... ... ... ... ... ... ... ... ... ... ... ... ... ... ... ... ... ... . ... ... ... ... ... ... ... ... ... ... ... ... ... ... ... ... ... ... ... ... ... ... ... ... ... ... ... ... ... ... ... ... ... ... XXXIII - a Secretaria Especial de Inspeção do Trabalho ; ... ... ... ... ... ... ... ... ... ... ... ... ... ... ... ... ... ... ... ... ... ... ... ... ... ... ... ... ... ... ... ... ... ... ... . § 1º ... ... ... ... ... ... ... ... ... ... ... ... ... ... ... ... ... ... ... ... ... ... ... ... ... ... ... ... ... . § 2º O cargo de Secretário Especial de Inspeção do Trabalho será privativo de servidor ocupante do cargo de Auditor-Fiscal do Trabalho , de que trata a Lei nº 10.593 , de 6 de dezembro de 2002 , ou que tenham obtido aposentadoria nessa condição . § 3º Sem prejuízo das situações em curso , os cargos em comissão e as funções de confiança no âmbito da Secretaria Especial de Inspeção do Trabalho , são privativos de servidores ocupantes de cargos efetivos da Secretaria Especial da Inspeção do Trabalho , ou que tenham obtido aposentadoria nessa condição , hipótese esta restrita à ocupação de cargo em comissão .",ADD,ADD
362,"Por decorrência , suprima-se o inciso VI do art . 22 da MPV 870/2019 : Art . 22 . Integram a estrutura básica do Ministério da Agricultura , Pecuária e Abastecimento : VI – o Serviço Florestal Brasileiro ; Por decorrência , suprima-se o parágrafo único do art . 39 : Art . 39 . Constitui área de competência do Ministério do Meio Ambiente : Parágrafo único . A competência do Ministério do Meio Ambiente sobre florestas públicas será exercida em articulação com o Ministério da Agricultura , Pecuária e Abastecimento . Praça dos Três Poderes - Congresso Nacional Câmara dos Deputados , Anexo IV , Gabinete 231 Dep.joeniawapichana @ camara.leg.br - ( 61 ) 3215-5231 Brasília - DF - CEP 70.160-900 CMARA DOS DEPUTADOS Gabinete da Deputada Joenia Wapichana ( REDE/RR ) Deputada Joenia Wapichana ( REDE/RR )",SUP,SUP
84,"MPV 870 00048 CMARA DOS DEPUTADOS DEPUTADO FEDERAL JOÃO DANIEL PT/SE MEDIDA PROVISÓRIA Nº 870 , DE 2019 Estabelece a organização básica dos órgãos da Presidência da República e dos Ministérios . EMENDA SUPRESSIVA N.º",O,O
209,"O art . 24º da Medida Provisória nº 870 , de 2019 , passa a vigorar acrescido do inciso XVII , nos seguintes termos : Art . 24º ... ... ... . .. .. .. .. ... .. .. .. .. .. .. .. .. .. .. .. .. .. .. ... ... ... ... ... ... ... ... ... ... ... ... ... ... ... ... ... ... ... ... ... ... ... ... ... ... ... XVI – Conselho Nacional de Segurança Alimentar e Nutricional .",ADD,SUP
172,"MPV 870 00094 COMISSÃO MISTA DA MEDIDA PROVISÓRIA Nº 870 , DE 2019 MEDIDA PROVISÓRIA Nº 870 , DE 2019 Estabelece a organização básica dos órgãos da Presidência da República e dos Ministérios . SF/19157.35312-17 EMENDA SUPRESSIVA Nº , DE 2019",O,O
15,Acrescente-se o inciso XXI ao art . 21 da Medida Provisória : “ Art . 21 ... ... ... ... ... ... ... ... ... ... ... ... ... ... ... ... ... ... ... ... ... ... ... ... ... ... ... ... ... ... ... ... ... ... ... ... ... ... ... ... ... ... ... ... ... ... ... ... ... ... ... ... ... ... ... ... ... ... ... ... ... ... ... ... XXI – aprovação do orçamento geral do Serviço Nacional de Aprendizagem Rural ( Senar ) . ”,ADD,SUP
132,MPV 870 00075 CMARA DOS DEPUTADOS DEPUTADA FEDERAL ALICE PORTUGAL - PCdoB/BA MEDIDA PROVISÓRIA N.º 870/2019,O,O
94,"MPV 870 00053 MEDIDA PROVISÓRIA N.º 870 , DE 1.º DE JANEIRO DE 2019 Estabelece a organização básica dos órgãos da Presidência da República e dos Ministérios . EMENDA MODIFICATIVA CD/19409.41800-06",O,O
0,"MPV 870 00001 COMISSÃO MISTA DA MEDIDA PROVISÓRIA Nº 870 , DE 2019 MEDIDA PROVISÓRIA Nº 870 , DE 2019 Estabelece a organização básica dos órgãos da Presidência da República e dos Ministérios . CD/19195.73691-80 EMENDA SUPRESSIVA Nº , DE 2019 ( do Sr. Deputado Alessandro Molon )",O,O
124,"MPV 870 00071 CONGRESSO NACIONAL Comissão Mista da MPV 870/2019 EMENDA À MEDIDA PROVISÓRIA Nº 870 , DE 2019 CD/19326.91120-20 Estabelece a organização básica dos órgãos da Presidência da República e dos Ministérios . EMENDA MODIFICATIVA",O,O
253,"MPV 870 00138 MEDIDA PROVISÓRIA Nº 870 , DE 2019 Estabelece a organização básica dos órgãos da Presidência da República e dos SF/19272.35382-01 Ministérios . EMENDA MODIFICATIVA",O,O
265,"MPV 870 00145 MEDIDA PROVISÓRIA N.º 870 , DE 1.º DE JANEIRO DE 2019 Estabelece a organização básica dos órgãos da Presidência da República e dos Ministérios . SF/19490.34611-04 EMENDA MODIFICATIVA",O,O
56,"MPV 870 00033 CMARA DOS DEPUTADOS DEPUTADO FEDERAL JOÃO DANIEL PT/SE MEDIDA PROVISÓRIA Nº 870 , DE 2019 Estabelece a organização básica dos órgãos da Presidência da República e dos Ministérios . CD/19537.04327-01 EMENDA SUPRESSIVA",O,O
380,"Art . 1º A Medida Provisória nº 870 , de 2019 passa a vigorar com as seguintes alterações : “ Art . 19 ... ... ... ... ... ... ... ... ... ... ... ... ... ... ... ... ... ... ... ... ... ... ... ... ... ... ... ... ... ... ... ... ... ... .. ... ... ... ... ... ... ... ... ... ... ... ... ... ... ... ... ... ... ... ... ... ... ... ... ... ... ... ... ... ... ... ... ... ... ... ... ... ... ... ... ... ... . XVI- do Trabalho. ” “ Art . 50-A Constitui área de competência do Trabalho : I - política e diretrizes para a geração de emprego e renda e de apoio ao trabalhador ; II - política e diretrizes para a modernização das relações de trabalho ; III - fiscalização do trabalho , inclusive do trabalho portuário , e aplicação das sanções previstas em normas legais ou coletivas ; IV - política salarial ; V - formação e desenvolvimento profissional ; VI - segurança e saúde no trabalho ; CMARA DOS DEPUTADOS VI - política de imigração laboral ; e VII - cooperativismo e associativismo urbano . Art . 50-B . Integram a estrutura básica do Ministério do Trabalho : I - o Conselho Nacional do Trabalho ; CD/19460.45167-54 II - o Conselho Nacional de Imigração ; III - o Conselho Nacional de Economia Solidária ; IV - o Conselho Curador do Fundo de Garantia do Tempo de Serviço ; V - o Conselho Deliberativo do Fundo de Amparo ao Trabalhador ; VI - ( VETADO ) ; VI - ( VETADO ) ; e VII - até três Secretarias . §1º . Os Conselhos a que se referem os incisos I , I , II , IV e V do caput deste artigo são órgãos colegiados de composição tripartite , observada a paridade entre representantes dos trabalhadores e dos empregadores , na forma estabelecida pelo Poder Executivo federal . §2º . O Conselho Nacional de Economia Solidária é órgão colegiado de composição tripartite , observada a paridade entre representantes dos trabalhadores e dos empregadores , na forma estabelecida em ato do Poder Executivo federal. ” Art . 2º Ficam revogados os seguintes dispositivos da Medida Provisória 870 , de 2019 : - incisos XXXI a XXXVI do art . 31 ; - incisos V , XXVII , XXIX e XXX e o parágrafo único do art . 32 ; - a “ expressão Ministério do Trabalho ” constante do § 2º do art . 55 ; - as alíneas “ k ” e “ ai ” , do inciso I e alínea “ u ” do inciso I do art . 56 ; - inciso I , do art . 57 ; CMARA DOS DEPUTADOS - alínea “ c ” , do inciso VI , do art . 59 ; - art . 83 ;",MOD,MOD
82,"MPV 870 00047 CMARA DOS DEPUTADOS DEPUTADO FEDERAL JOÃO DANIEL PT/SE MEDIDA PROVISÓRIA Nº 870 , DE 2019 Estabelece a organização básica dos órgãos da Presidência da República e dos Ministérios . EMENDA ADITIVA CD/19773.70236-08",O,O
325,"MPV 870 00179 Gabinete do Senador Humberto Costa EMENDA Nº - CMMPV870 ( À Medida Provisória 870 , de 2019 ) MODIFICATIVA SF/19840.95122-57 Estabelece a organização básica dos órgãos da Presidência da República e dos Ministérios .",O,O
298,"Os Arts . 37 , 38 , 43 e 44 , da Medida Provisória nº 870 , de 1º de janeiro de 2019 passam a vigorar com as seguintes alterações : CD/19919.67643-08 “ Art . 37 ... ... ... ... ... ... ... ... ... ... ... ... ... ... ... ... ... ... ... ... ... ... ... ... ... ... ... ... ... ... ... ... ... ... ... .. ... ... ... ... ... ... ... ... ... ... ... ... ... ... ... ... ... ... ... ... ... ... ... ... ... ... ... ... ... ... ... ... ... ... ... .. XXIV - direitos do índio , inclusive , em parceria e sob a coordenação do Ministério da Saúde , no acompanhamento das ações de saúde desenvolvidas em prol das comunidades indígenas ; gestão territorial e produção econômica dos povos indígenas ; identificação , delimitação , demarcação e os registros das terras tradicionalmente ocupadas por indígenas sob a coordenação da Funai , em parceria com o Incra ; e o licenciamento ambiental , em parceria com o Ibama ” . “ Art . 38 ... ... ... ... ... ... ... ... ... ... ... ... ... ... ... ... ... ... ... ... ... ... ... ... ... ... ... ... ... ... ... ... ... ... ... ... .. ... ... ... ... ... ... ... ... ... ... ... ... ... ... ... ... ... ... ... ... ... ... ... ... ... .. ; e XV – Fundação Nacional do Índio ” . “ Art . 43 ... ... ... ... ... ... ... ... ... ... ... ... ... ... ... ... ... ... ... ... ... ... ... ... ... ... .. ... ... ... ... ... ... ... ... ... . I - ... ... ... ... ... ... ... ... ... ... ... ... ... ... ... ... ... ... ... ... ... ... ... ... ... ... ... ... .. h ) direitos das minorias étnicas e sociais ” . “ Art . 44 ... ... ... ... ... ... ... ... ... ... ... ... ... ... ... ... ... ... ... ... ... ... ... ... ... ... ... ... ... ... ... ... . ... ... ... ... ... ... ... ... ... ... ... ... ... ... ... ... ... ... ... ... ... ... ... ... ... ... ... ... ... ... ... XVIII - o Conselho Nacional dos Direitos da Mulher ; e XIX - o Conselho Nacional da Juventude ” .",MOD,MOD
318,"O Art . 24 , e o Art . 85 , da Medida Provisória nº 870 , de 1º de janeiro de 2019 , passam a vigorar com as seguintes alterações : “ Art . 24 ... ... ... ... ... ... ... ... ... ... ... ... ... ... ... ... ... ... ... ... ... ... ... ... ... ... ... ... ... ... ... ... ... ... ... ... ... ... . ... ... ... ... ... ... ... ... ... ... ... ... ... ... ... ... ... ... ... ... ... ... ... ... ... ... ... ... ... ... ... ... ... ... ... ... ... ... ... ... ... .. XVII - o Conselho Nacional de Segurança Alimentar e Nutricional . ” “ Art . 85 ... ... ... ... ... ... ... ... ... ... ... ... ... ... ... ... ... ... ... ... ... ... ... ... ... ... ... ... ... ... ... ... ... ... ... ... ... . ... ... ... ... ... ... ... ... ... ... ... ... ... ... ... ... ... ... ... ... ... ... ... ... ... ... ... ... ... ... .. III - o inciso VI do § 1º do art . 7º da Lei nº 13.334 , de 2016 ; IV - o parágrafo único do art . 3º e os Anexos II e IV à Lei nº 13.346 , de 2016 ; e V - o § 1º do art . 3º da Lei nº 11.473 , de 2007 ; VI - a Lei nº 13.502 , de 1º de novembro de 2017 ; e VII - os seguintes dispositivos da Medida Provisória nº 849 , de 31 de agosto de 2018 : a ) o art . 2º ; b ) o art . 30 ; e c ) o Anexo LX ” . Senado Federal , Anexo II , 1º Andar , Ala Senador Ruy Carneiro , gabinete 01 | Praça dos Três Poderes | CEP 70165-900 | Brasília DF T elefone : +55 ( 61 ) 3303-6285 / 6284 | humberto.costa @ senador.leg.br Gabinete do Senador Humberto Costa",MOD,MOD
140,"MPV 870 00079 CMARA DOS DEPUTADOS DEPUTADA FEDERAL ALICE PORTUGAL - PCdoB/BA MEDIDA PROVISÓRIA N.º 870 , DE 2019 CD/19186.99980-04 ( Do Poder Executivo ) Organização da Presidência e dos Ministérios . EMENDA MODIFICATIVA",O,O
114,"MPV 870 00066 MEDIDA PROVISÓRIA Nº 870 , DE 1º DE JANEIRO DE 2019 . Estabelece a organização básica dos órgãos da Presidência da República e dos Ministérios . EMENDA SUPRESSIVA Nº 2",O,O
101,"A Medida Provisória 870 , de 1º de janeiro de 2019 passa a vigorar com as seguintes alterações : “ Art . 40 . ... ... ... ... ... ... ... ... ... ... ... ... ... ... ... ... ... ... ... ... ... ... ... ... ... ... ... ... . ... ... ... ... ... ... ... ... ... ... ... ... ... ... ... ... ... ... ... ... ... ... ... ... ... ... ... ... ... ... ... ... ... ... ... ... ... ... ... ... : VII – o Serviço Florestal Brasileiro. ” ( NR ) Em decorrência , ficam suprimidos os seguintes dispositivos da MP 870 , de 1º de janeiro de 2019 : I- § 3.º do art . 21 ; II- inciso VI do art . 22 da MPV 870/2019 ; III- parágrafo único do art . 39 :",MOD,MOD
310,"Inclua-se o inciso XVII ao Art . 19 e os Artigos 53-A e 53-B , à Medida Provisória nº CD/19649.84375-63 870 , de 1º de janeiro de 2019 , com as seguintes redações : “ Art . 19 ... ... ... ... ... ... ... ... ... ... ... ... ... ... ... ... ... ... ... ... ... ... ... ... ... ... ... ... ... ... ... ... ... ... ... ... XVII – do Desenvolvimento Agrário . ... ... ... ... ... ... ... ... ... ... ... ... ... ... ... ... ... ... ... ... ... ... ... ... ... ... ... ... ... ... ... ... ... ... ... ... ... ... ... ... ... “ Art . 53-A - Constitui área de competência do Ministério do Desenvolvimento Agrário : I – a política de reforma agrária ; I – a política fundiária ; III – Política para o fomento produtivo , incluindo crédito , preços , seguro , assistência técnica e extensão rural , e infraestrutura ; o desenvolvimento sustentável ; e políticas sociais para o segmento rural constituído pelos agricultores familiares e assentados em projetos de reforma agrária ; Art . 53-B - Integram a estrutura básica do Ministério do Desenvolvimento Agrário : I – o Instituto Nacional de Colonização e Reforma Agrária ; II - o Conselho Nacional de Desenvolvimento Rural Sustentável ( CNDRS ) III - até quatro Secretarias ” .",MOD,ADD
25,"crescente-se o inciso XIV ao art . 51 da Medida Provisória nº 870 , de 2019 , com a seguinte redação : “ Art . 51 . ... ... ... ... ... ... ... ... ... ... ... ... ... ... ... ... ... ... ... ... ... ... ... ... ... ... ... ... ... . XIV – encaminhar , mensalmente , para a Comissão mista permanente a que faz referência ao § 1º do art . 166 da Constituição Federal , os resultados das inspeções , procedimentos e processos administrativos . ”",ADD,SUP
369,"MPV 870 00198 CMARA DOS DEPUTADOS Gabinete da Deputada Joenia Wapichana ( REDE/RR ) MEDIDA PROVISÓRIA Nº 870 , DE 2019 Emenda Supressiva nº , de 2019 Estabelece a organização básica dos órgãos da Presidência da República e dos Ministérios CD/19705.87099-53",O,O
173,"Suprime o artigo 71 da Medida Provisória nº 870 , de 201 Suprima-se o artigo 71 da Medida Provisória nº 870 , de 2019 , renumerando os subsequentes .",SUP,SUP
126,"MPV 870 00072 CONGRESSO NACIONAL Comissão Mista da MPV 870/2019 EMENDA À MEDIDA PROVISÓRIA Nº 870 , DE 2019 CD/19957.48726-17 Estabelece a organização básica dos órgãos da Presidência da República e dos Ministérios . EMENDA SUPRESSIVA",O,O
145,"Art . 1º O inciso I , do art . 5º da Medida Provisória 870 , de 1º de janeiro de 2019 passa a vigorar com a seguinte redação : Dê-se nova redação ao inciso I do art . 5.º da MPV 870/2019 : “ Art . 5º ... ... ... ... ... ... ... ... ... ... ... ... ... ... ... ... ... ... ... ... ... ... ... ... ... ... ... ... ... ... ... ... ... ... . ... ... ... ... ... ... ... ... ... ... ... ... ... ... ... ... ... ... ... ... ... ... .. II - acompanhar as atividades e as ações dos organismos internacionais e das organizações não governamentais no território nacional ” ( NR ) ;",MOD,SUP
22,"MPV 870 00012 COMISSÃO MISTA DA MEDIDA PROVISÓRIA Nº 870 , DE 2019 MEDIDA PROVISÓRIA Nº 870 , DE 2019 Estabelece a organização básica dos órgãos da Presidência da República e dos CD/19243.73082-02 Ministérios . EMENDA Nº D",O,O
116,"MPV 870 00067 MEDIDA PROVISÓRIA Nº 870 , DE 1º DE JANEIRO DE 2019 . Estabelece a organização básica dos órgãos da Presidência da República e dos Ministérios . EMENDA SUPRESSIVA Nº 3 CD/19498.70130-88",O,O
46,"MPV 870 00026 COMISSÃO MISTA DA MEDIDA PROVISÓRIA Nº 870 , DE 2019 MEDIDA PROVISÓRIA Nº 870 , DE 2019 Estabelece a organização básica dos órgãos da Presidência da República e dos Ministérios . CD/19766.51882-11 EMENDA SUBSTITUTIVA",O,O
394,"O Art . 24 , e o Art . 85 , da Medida Provisória nº 870 , de 1º de janeiro de 2019 , passam a vigorar com as seguintes alterações : “ Art . 24 ... ... ... ... ... ... ... ... ... ... ... ... ... ... ... ... ... ... ... ... ... ... ... ... ... ... ... ... ... ... ... ... ... ... ... ... ... ... . ... ... ... ... ... ... ... ... ... ... ... ... ... ... ... ... ... ... ... ... ... ... ... ... ... ... ... ... ... ... ... ... ... ... ... ... ... ... ... ... ... .. XVII - o Conselho Nacional de Segurança Alimentar e Nutricional. ” “ Art . 85 ... ... ... ... ... ... ... ... ... ... ... ... ... ... ... ... ... ... ... ... ... ... ... ... ... ... ... ... ... ... ... ... ... ... ... ... ... . ... ... ... ... ... ... ... ... ... ... ... ... ... ... ... ... ... ... ... ... ... ... ... ... ... ... ... ... ... ... .. III - o inciso VI do § 1º do art . 7º da Lei nº 13.334 , de 2016 ; IV - o parágrafo único do art . 3º e os Anexos II e IV à Lei nº 13.346 , de 2016 ; e V - o § 1º do art . 3º da Lei nº 11.473 , de 2007 ; VI - a Lei nº 13.502 , de 1º de novembro de 2017 ; e VII - os seguintes dispositivos da Medida Provisória nº 849 , de 31 de agosto de 2018 : a ) o art . 2º ; b ) o art . 30 ; e c ) o Anexo LX ” .",MOD,MOD
385,"MPV 870 00226 COMISSÃO MISTA DA MEDIDA PROVISÓRIA Nº 870 , DE 2018 MEDIDA PROVISÓRIA Nº 870 , DE 2018 Estabelece a organização básica dos órgãos da Presidência da República e dos CD/19466.66316-93 Ministérios . EMENDA SUPRESSIVA Nº",O,O
73,"Suprimam-se o §3º do Art . 21 e o inciso VI , do Art . 22 , da Medida Provisória nº 870 , de 1º de janeiro de 2019 .",SUP,SUP
72,MPV 870 00041 CONGRESSO NACIONAL ETIQ UETA APRESENTAÇÃO DE EMENDAS MEDIDA PROVISÓRIA Nº 870/2019 Autor Partido Dep . Zé Carlos PT 1 . X Supressiva 2.____ Substitutiva 3 . __ Modificativa 4 . _Aditiva CD/19363.57242-99 TEXTO / JUSTIFICAÇÃO,O,O
39,"assa a vigorar com a seguinte redação : “ Art . 23 ... ... ... ... ... ... ... ... ... ... ... ... ... ... ... ... ... ... ... ... ... ... ... ... ... ... ... ... ... ... ... ... ... ... ... ... ... ... ... ... ... ... ... ... ... ... ... ... ... ... ... ... ... ... ... ... ... ... XV - proteção do patrimônio histórico , artístico e cultural ; ... ... ... ... ... ... ... ... ... ... ... ... ... ... ... ... ... ... ... ... ... ... ... ... ... ... ... .. ” ( NR ) .",MOD,SUP
268,"s Arts . 37 e 38 , da Medida Provisória nº 870 , de 1º de janeiro de 2019 passam a vigorar com as seguintes alterações : Art.37 ... ... ... ... ... ... ... ... ... ... ... ... ... ... ... ... ... ... ... ... ... ... ... ... ... ... ... ... ... ... ... ... ... . XXIV - direitos dos povos indígenas ; gestão territorial e produção econômica dos povos indígenas ; identificação , delimitação , demarcação e os registros das terras tradicionalmente ocupadas por indígena ; e o licenciamento ambiental de empreendimentos que impactam as terras indígenas . Art.38 ... ... ... ... ... ... ... ... ... ... ... ... ... ... ... ... ... ... ... ... ... ... ... ... ... ... ... ... ... ... ... ... ... . XV – Fundação Nacional do Índio ; e XVI - o Conselho Nacional de Política Indigenista .",MOD,MOD
57,"Suprima-se o §3º do Art . 21 ; e o inciso VI , do Art . 22 , da Medida Provisória nº 870 , de 1º de janeiro de 2019 .",SUP,SUP
168,"Suprima-se a alínea C do inciso II do art . 85 da Medida Provisória nº 870 , de 2019 .",SUP,SUP
30,"MPV 870 00019 COMISSÃO MISTA DESTINADA A EMITIR PARECER SOBRE A MEDIDA PROVISÓRIA N° 870 , DE 2019 . MEDIDA PROVISÓRIA Nº 870 , DE 2019 CD/19116.68661-07 Estabelece a organização básica dos órgãos da Presidência da República e dos Ministérios . EMENDA Nº",O,O
153,"MPV 870 00085 ETIQ UETA CONGRESSO NACIONAL APRESENTAÇÃO DE EMENDAS CD/19458.00300-45 MEDIDA PROVISÓRIA Nº 870 , de 2019 Autor Partido Elvino Bohn Gass PT 1 . .____ Supressiva 2.____ Substitutiva 3 . __X__Modificativa 4 . ____Aditiva TEXTO / JUSTIFICAÇÃO",O,O
334,"O art . 33 , da Medida Provisória nº 870 , de 1º de janeiro de 2019 , passa a vigorar acrescido do seguinte § 2º , numerando-se o atual parágrafo único como § 1º : “ Art . 33 ... ... ... ... ... ... ... ... ... ... ... ... ... ... ... ... ... ... ... ... ... ... .. § 1º ... ... ... ... ... ... ... ... ... ... ... ... ... ... ... ... ... ... ... ... ... ... ... ... .. § 2º Na elaboração e implementação das políticas educacionais , o Ministério da Educação observará o disposto nos arts . 206 e 207 da Constituição Federal , nos arts . 2º e 3º da Lei nº 9.394 , de 20 de dezembro de 1996 , e as metas e estratégias inscritas na Lei nº 13.005 , de 25 de junho de 2014 , que aprova o Plano Nacional de Educação . ” ( NR )",ADD,MOD
192,"MPV 870 00104 MEDIDA PROVISÓRIA N.º 870 , DE 1.º DE JANEIRO DE 2019 . Estabelece a organização básica dos órgãos da Presidência da República e dos Ministérios . EMENDA MODIFICATIVA",O,O
402,Inclua-se o seguinte inciso ao art . 40 da MPV 870/2019 : CD/19369.98748-55 Art . 40 . Integram a estrutura básica do Ministério do Meio Ambiente : VIII – o Serviço Florestal Brasileiro .,ADD,SUP
104,"MPV 870 00061 MEDIDA PROVISÓRIA N.º 870 , DE 2019 ( Do Poder Executivo ) Organização da Presidência e dos Ministérios . EMENDA MODIFICATIVA CD/19764.02109-69",O,O
31,"Dê-se ao § 4º do artigo 51 da Medida Provisória no 870 , de 2019 , a seguinte redação : “ Art . 51 . ... ... ... ... ... ... ... ... ... ... ... ... ... ... ... ... ... ... ... ... ... ... ... ... ... ... ... ... ... . ... ... ... ... ... ... ... ... ... ... ... ... ... ... ... ... ... ... ... ... ... ... ... ... ... ... ... ... ... ... ... ... ... ... § 4º A Controladoria-Geral da União encaminhará à Advocacia- Geral da União os casos que configurarem improbidade administrativa e aqueles que recomendarem a indisponibilidade de bens , o ressarcimento ao erário e outras providências a cargo da Advocacia-Geral da União e provocará , sempre que necessário , a atuação do Tribunal de Contas da União , da Secretaria Especial da Receita Federal do Brasil , do Ministério da Economia , dos órgãos do Sistema de Controle Interno do Poder Executivo Federal e , quando houver indícios de responsabilidade penal , da Polícia Federal , do Ministério da Justiça e Segurança Pública e do Ministério Público Federal , inclusive quanto a representações ou denúncias manifestamente caluniosas . ... ... ... ... ... ... ... ... ... ... ... ... ... ... ... ... ... ... ... ... ... ... ... ... ... ... ... ... ... ... ... ” ( NR ) 2",MOD,ADD
277,"MPV 870 00151 MEDIDA PROVISÓRIA N.º 870 , DE 1.º DE JANEIRO DE 2019 Estabelece a organização básica dos órgãos da Presidência da República e dos Ministérios . SF/19428.87365-67",O,O
225,"MPV 870 00124 MEDIDA PROVISÓRIA Nº 870 , DE 2019 Estabelece a organização básica dos órgãos da Presidência da República e dos Ministérios . EMENDA ADITIVA",O,O
337,"MPV 870 00185 MEDIDA PROVISÓRIA 870/2019 Estabelece a organização básica dos órgãos da Presidência da República e dos Ministérios . EMENDA MODIFICATIVA Nº CD/19419.94715-02 A Medida Provisória nº 870 , de 2019 passa a vigorar com as seguintes alterações :",O,O
76,MPV 870 00043 CONGRESSO NACIONAL ETIQ UETA APRESENTAÇÃO DE EMENDAS MEDIDA PROVISÓRIA Nº 870/2019 Autor Partido Dep . Zé Carlos PT 1 . ____ Supressiva 2.____ Substitutiva 3 . X Modificativa 4 . _Aditiva CD/19887.18884-57 TEXTO / JUSTIFICAÇÃO,O,O
180,"MPV 870 00098 MEDIDA PROVISÓRIA N.º 870 , DE 1.º DE JANEIRO DE 2019 Estabelece a organização básica dos órgãos da Presidência da República e dos Ministérios . EMENDA SUPRESSIVA CD/19912.22113-11",O,O
141,"A Medida Provisória nº 870 , de 1º de janeiro de 2019 , passa a vigorar com as seguintes midificações : “ Art . 19 ... ... ... ... ... ... ... ... ... ... ... ... ... ... ... ... ... ... ... ... ... ... ... ... ... ... ... ... ... ... ... ... . ... ... ... ... ... ... ... ... ... ... ... ... ... ... ... ... ... ... ... ... ... ... ... ... ... ... ... ... ... ... ... ... ... .. XVII – da Cultura . “ Art . 50-A Constitui área de competência do Ministério da Cultura : I – política nacional de cultura ; II – proteção de patrimônio histórico e cultural ; III – regulação de direitos autorais ; IV – assistência e acompanhamento da Casa Civil da Presidência da República e do Instituto Nacional de Colonização e Reforma Agrária ( Incra ) nas ações de regularização fundiária , para garantir a preservação da identidade cultural dos remanescentes das comunidades dos quilombos ; V – desenvolvimento e implantação de políticas e ações de acessibilidade cultural ; CMARA DOS DEPUTADOS DEPUTADA FEDERAL ALICE PORTUGAL - PCdoB/BA e VI – formulação e implementação de políticas , programas e ações para o desenvolvimento do setor museal . CD/19186.99980-04 Art . 50-B Integram a estrutura básica do Ministério da Cultura : I – o Conselho Superior de Cinema ; II – o Conselho Nacional de Política Cultural ; III – a Comissão Nacional de Incentivo à Cultura ; IV – a Comissão do Fundo Nacional da Cultura ; e V – até sete Secretarias . Parágrafo único . Ato do Poder Executivo federal disporá sobre a composição e o funcionamento do Conselho Superior de Cinema , garantida a participação de representantes da indústria cinematográfica e videofonográfica nacional ” ( NR ) . Em decorrência , ficam suprimidos os seguintes dispositivos Medida Provisória 870 , de 1º de janeiro de 2019 : - Inciso XIV do Art . 23 ; - Inciso XV do Art . 23 ; - Inciso XVI do Art . 23 ; - Inciso XVI do Art . 23 ; - Inciso XVII do Art . 23 ; - Inciso XIX do Art . 23 ; - Inciso II do Art . 24 ; - Inciso XI do Art . 24 ; - Inciso XI do Art . 24 ; - Inciso XII do Art.24 ; CMARA DOS DEPUTADOS DEPUTADA FEDERAL ALICE PORTUGAL - PCdoB/BA - Inciso XIV do Art . 24 e - § 2º do Art . 24 .",MOD,MOD
5,"Altera a gestão do Serviço Florestal Brasileiro . Os arts . 39 e 40 da Medida Provisória nº 870 , de 2019 , passam a vigorar acrescidos dos seguintes dispositivos : Art . 39 . ( ... ) § 2º . Cabe ao Ministério do Meio Ambiente exercer , por meio do Serviço Florestal Brasileiro , a função de órgão gestor prevista no art . 53 da Lei nº 11.284 , de 2 de março de 2006 , em âmbito federal . Art . 40 . Integram a estrutura básica do Ministério do Meio Ambiente : ( ... ) V-A – o Serviço Florestal Brasileiro . Por decorrência lógica , suprimam-se o § 3º do art . 21 e o inciso VI do art . 22 da Medida Provisória nº 870 , de 2019 .",ADD,ADD
45,"Dê-se a seguinte redação aos incisos II e IV do art . 8º da Medida Provisória : “ Art . 8º ... ... ... ... ... ... ... ... ... ... ... ... ... ... ... ... ... ... ... ... ... ... ... ... ... ... ... ... ... .. ... ... ... ... ... ... ... ... ... ... ... ... ... ... ... ... ... ... ... ... ... ... ... ... ... ... ... ... ... ... ... ... ... .. III - a Secretaria Especial de Modernização do Estado , com até três subsecretarias ; IV - a Secretaria Especial de Assuntos Estratégicos , com até duas subsecretarias ; ... ... ... ... ... ... ... ... ... ... ... ... ... ... ... ... ... ... ... ... ... ... ... ... ... ... ... ... ... ... ... ... ... ” 2",MOD,SUP
90,"MPV 870 00051 MEDIDA PROVISÓRIA N.º 870 , de 2019 ( Do Poder Executivo ) Organização da Presidência e dos Ministérios . EMENDA SUPRESSIVA CD/19279.42945-78",O,O
378,"Dê-se a seguinte redação ao inciso XIV do art . 21 da MPV 870/2019 : “ Art . 21 ... ... ... ... ... ... ... ... ... ... ... ... ... ... ... ... ... ... ... ... ... ... ... ... ... ... ... ... ... ... ... ... ... ... ... ... ... ... ... ... ... ... ... ... ... ... ... ... ... ... ... ... ... ... ... ... ... ... ... ... ... ... ... ... ... ... ... ... ... : XIV - reforma agrária , regularização fundiária de áreas rurais e quilombolas ; ” ( NR )",MOD,SUP
340,"Dê-se a seguinte redação ao inciso XIV do art . 21 da MPV 870/2019 : “ Art . 21 ... ... ... ... ... ... ... ... ... ... ... ... ... ... ... ... ... ... ... ... ... ... ... ... ... ... ... ... ... ... ... ... ... ... ... ... ... ... ... ... ... ... ... ... ... ... ... ... ... ... ... ... ... ... ... ... ... ... ... ... ... ... ... ... ... ... ... ... ... : XIV - reforma agrária , regularização fundiária de áreas rurais e quilombolas ; ” ( NR )",MOD,SUP
375,"MPV 870 00221 CMARA DOS DEPUTADOS MEDIDA PROVISÓRIA N.º 870 , DE 1.º DE JANEIRO DE 2019 Estabelece a organização básica dos órgãos da Presidência da República e dos Ministérios . CD/19975.77452-41",O,O
356,"MPV 870 00193 CMARA DOS DEPUTADOS Gabinete da Deputada Joenia Wapichana ( REDE/RR ) MEDIDA PROVISÓRIA Nº 870 , DE 2019 Emenda Aditiva nº , de 2019 Estabelece a organização básica dos órgãos da Presidência da República e dos Ministérios CD/19479.44015-86",O,O
395,"MPV 870 00231 MEDIDA PROVISÓRIA Nº 870 , DE 2019 Estabelece a organização básica dos órgãos da Presidência da República e dos Ministérios . EMENDA SUPRESSIVA CD/19465.77058-90",O,O
3,"Suprime o inciso II , do art . 5o , da Medida Provisória nº 870 , de 2019 . Suprima-se o inciso II , do art . 5o , da Medida Provisória nº 870 , de 2019 .",SUP,SUP
18,"MPV 870 00010 COMISSÃO MISTA DESTINADA A EMITIR PARECER SOBRE A MEDIDA PROVISÓRIA N° 870 , DE 2019 . MEDIDA PROVISÓRIA Nº 870 , DE 2019 CD/19185.26918-58 Estabelece a organização básica dos órgãos da Presidência da República e dos Ministérios . EMENDA Nº",O,O
131,"Dê-se ao Art . 19 e ao Art . 85 da MP nº 870 , de 2019 , a seguinte redação : “ Art . 19 ... ... ... ... ... ... ... ... ... ... ... ... ... ... ... ... ... ... ... ... ... ... ... ... ... ... ... ... ... ... ... ... ... ... . ... ... ... ... ... ... ... ... ... ... ... ... ... ... ... ... ... ... ... ... ... ... ... ... ... ... ... ... ... ... ... ... ... ... ... ... ... ... ... ... ... ... XVI – o Ministério do Desenvolvimento Social. ” ( NR ) .. “ Art . 50-A - Constitui área de competência do Ministério do Desenvolvimento Social : I – política nacional de desenvolvimento social ; II - política nacional de segurança alimentar e nutricional ; II - política nacional de assistência social ; IV - política nacional de renda de cidadania ; V – articulação do governo federal , estaduais , distrital e municipais e a sociedade civil no estabelecimento de diretrizes e na execução de ações e programas nas áreas de desenvolvimento social , de segurança alimentar e nutricional , de renda de cidadania e de assistência social ; VI – orientação , acompanhamento , avaliação e supervisão de planos , programas e projetos relativos às áreas de desenvolvimento social , de segurança alimentar e nutricional , de renda de cidadania e de assistência social ; VI – normatização , orientação , supervisão e avaliação da execução das políticas de desenvolvimento social , segurança alimentar e nutricional , de renda de cidadania e de assistência social ; CMARA DOS DEPUTADOS DEPUTADA FEDERAL ALICE PORTUGAL - PCdoB/BA VII – gestão do Fundo Nacional de Assistência Social ; IX – coordenação , supervisão , controle e avaliação da operacionalização de programas de transferência de renda ; X – aprovação dos orçamentos gerais de Serviço Social da Indústria ( Sesi ) , do Serviço Social de Comércio ( Sesc ) e do Serviço Social do Transporte ( Sest ) . CD/19190.55068-64 Art . 50-B - integram a estrutura básica do Ministério do Desenvolvimento Social : I – Conselho Nacional de Assistência Social ; II – O Conselho Gestor do Programa Bolsa Família ; III – o Conselho de Articulação de Programas Sociais ; IV – o Conselho de Recursos de Seguro Social ; V – o Conselho Consultivo e de Acompanhamentos do Fundo de Combate e Erradicação da Pobreza ; e VI- até seis secretarias . Parágrafo único . Ao Conselho de Articulação de Programas Sociais , presidido pelo Ministro de Estado de Desenvolvimento Social e composto na forma estabelecida em regulamento pelo Poder Executivo , compete propor mecanismos de articulação e integração de programas sociais e acompanhar a sua implementação. ” ( NR ) . Por consequência , suprimam-se os incisos I , I , II , IV , IX , X , XI , XI , XII do Art . 23 e as letras a ) a f ) do inciso V do mesmo artigo ; os inciso I , IV , V , VI e VI do Art . 24 e o § 1º do inciso XVI do mesmo artigo .",MOD,MOD
118,"MPV 870 00068 CONGRESSO NACIONAL Comissão Mista da MPV 870/2019 EMENDA À MEDIDA PROVISÓRIA Nº 870 , DE 2019 Estabelece a organização básica dos órgãos da Presidência da República e dos Ministérios . CD/19369.44375-90 EMENDA MODIFICATIVA",O,O
329,"MPV 870 1 00181 Gabinete do Senador Humberto Costa EMENDA Nº - CMMPV ( À Medida Provisória 870 , de 2019 ) Emenda supressiva",O,O
63,"Acrescente-se ao artigo 24 da MP 870/19 , inciso XVI com a seguinte redação : XVI – Conselho Nacional de Segurança Alimentar e Nutricional . Renumere-se o inciso seguinte .",ADD,SUP
282,"Inclua-se , onde couber , o seguinte artigo : Art . ... O art . 11 da Lei nº 10.593 , de 6 de dezembro de 2002 , passa a vigorar com a seguinte redação : “ Art . 11 . Os ocupantes do cargo de Auditor-Fiscal do Trabalho , têm por atribuições : ... ... ... ... ... ... ... ... ... ... ... ... ... ... ... ... ... § 1º Incumbe ainda , ao Auditor-Fiscal do Trabalho , em caráter concorrente com o Auditor-Fiscal da Receita Federal do Brasil , executar auditoria e fiscalização , lançar e constituir o crédito das contribuições previstas no art . 195 , I , a , e II da Constituição , e seus acréscimos legais , inclusive o disposto no at . 22 , II da Lei nº 8.212 , de 24 de julho de 1991 e o adicional de que trata § 6º do art . 57 da Lei nº 8.213 , de 24 de julho de 1991 . § 2º O Poder Executivo regulamentará as atribuições privativas previstas neste artigo , podendo cometer aos ocupantes do cargo de Auditor-Fiscal do Trabalho outras atribuições , desde que compatíveis com atividades de auditoria e fiscalização. ” ( NR ) SF/19451.97508-04",ADD,ADD
211,"Modifica-se a redação dos arts . 37 e 38 , da Medida Provisória 870 de 2019 , incluindo inciso XIV no art . 37 e inciso XI no art . 38 , com as seguintes redações , renumerando-se os demais incisos : “ Art . 37 ... ... ... ... ... ... ... ... ... ... ... ... ... ... ... ... ... ... ... ... ... ... ... ... ... ... ... ... ... .. ... ... ... ... ... ... ... ... ... ... ... ... ... ... ... ... ... ... ... ... ... ... ... ... ... ... ... ... ... ... ... ... ... ... XIV – aquela prevista no § 3º do art . 144 da Constituição , por meio da polícia ferroviária federal ; ... ... ... ... ... ... ... ... ... ... ... ... ... ... ... ... ... ... ... ... ... ... ... ... ... ... ... ... ... ... ... ... ... ... Art . 38 ... ... ... ... ... ... ... ... ... ... ... ... ... ... ... ... ... ... ... ... ... ... ... ... ... ... ... ... ... ... . ... ... ... ... ... ... ... ... ... ... ... ... ... ... ... ... ... ... ... ... ... ... ... ... ... ... ... ... ... ... ... ... ... ... XI – a policia ferroviária federal ; ... ... ... ... ... ... ... ... ... ... ... ... ... ... ... ... ... ... ... ... ... ... ... ... ... ... ... ... ... ... ... ( NR ) ” Praça dos Três Poderes – Câmara dos Deputados – Anexo IV Gabinete 315 - CEP 70160-900 Brasília-DF TEL . ( 0XX61 ) 3215-5315 FAX ( 0XX61 ) 3215-2315 – e-mail dep.joaocampos @ camara.gov.br CMARA DOS DEPUTADOS DEPUTADO FEDERAL JOÃO CAMPOS",MOD,SUP
383,"MPV 870 00225 COMISSÃO MISTA DA MEDIDA PROVISÓRIA Nº 870 , DE 2018 MEDIDA PROVISÓRIA Nº 870 , DE 2018 Estabelece a organização básica dos órgãos da Presidência da República e dos CD/19280.64587-36 Ministérios . EMENDA SUBSTITUTIVA Nº",O,O
93,"Art . 1º - A Medida Provisória nº 870 , de 1º de janeiro de 2019 , passa a vigorar com as seguintes modificações : “ Art . 19 ... ... ... ... ... ... ... ... ... ... ... ... ... ... ... ... ... ... ... ... ... ... ... ... ... ... ... ... ... ... ... ... . ... ... ... ... ... ... ... ... ... ... ... ... ... ... ... ... ... ... ... ... ... ... ... ... ... ... ... ... ... ... ... ... ... .. XVII – da Cultura . “ Art . 50-A Constitui área de competência do Ministério da Cultura : I – política nacional de cultura ; II – proteção de patrimônio histórico e cultural ; III – regulação de direitos autorais ; IV – assistência e acompanhamento da Casa Civil da Presidência da República e do Instituto Nacional de Colonização e Reforma Agrária ( Incra ) nas ações de regularização fundiária , para garantir a preservação da identidade cultural dos remanescentes das comunidades dos quilombos ; V – desenvolvimento e implantação de políticas e ações de acessibilidade cultural ; e VI – formulação e implementação de políticas , programas e ações para o desenvolvimento do setor museal . Art . 50-B Integram a estrutura básica do Ministério da Cultura : I – o Conselho Superior de Cinema ; II – o Conselho Nacional de Política Cultural ; III – a Comissão Nacional de Incentivo à Cultura ; IV – a Comissão do Fundo Nacional da Cultura ; e CD/19390.48175-61 V – até sete Secretarias . Parágrafo único . Ato do Poder Executivo federal disporá sobre a composição e o funcionamento do Conselho Superior de Cinema , garantida a participação de representantes da indústria cinematográfica e videofonográfica nacional ” ( NR ) . Em decorrência , ficam suprimidos os seguintes dispositivos Medida Provisória 870 , de 1º de janeiro de 2019 : - Inciso XIV do Art . 23 ; - Inciso XV do Art . 23 ; - Inciso XVI do Art . 23 ; - Inciso XVI do Art . 23 ; - Inciso XVII do Art . 23 ; - Inciso XIX do Art . 23 ; - Inciso II do Art . 24 ; - Inciso XI do Art . 24 ; - Inciso XI do Art . 24 ; - Inciso XII do Art.24 ; - Inciso XIV do Art . 24 e - § 2º do Art . 24 . CD/19390.48175-61",MOD,MOD
238,"MPV 870 00131 MEDIDA PROVISÓRIA Nº 870 , DE 2019 Estabelece a organização básica dos órgãos da Presidência da República e dos Ministérios . CD/19935.45590-70 EMENDA Nº",O,O
108,"MPV 870 00063 EMENDA nº - CM ( à MPV nº 870 , de 2019 )",O,O
397,"MPV 870 00232 MEDIDA PROVISÓRIA Nº 870 , DE 2019 Estabelece a organização básica dos órgãos da Presidência da República e dos Ministérios . EMENDA MODIFICATIVA",O,O
223,"MPV 870 00123 MEDIDA PROVISÓRIA Nº 870 , DE 2019 Estabelece a organização básica dos órgãos da Presidência da República e dos Ministérios . EMENDA MODIFICATIVA",O,O
181,"A Medida Provisória 870 , de 1º de janeiro de 2019 passa a vigorar com as seguintes alterações : “ Art . 37 ... ... ... ... ... ... ... ... ... ... ... ... ... ... ... ... ... ... ... ... ... ... ... ... ... ... ... ... .. ... ... ... ... ... ... ... ... ... ... ... ... ... ... ... ... ... ... ... ... ... ... ... ... ... ... ... ... ... ... ... ... ... ... ... ... ... ... ... ... . XXIV – Direitos do índio . Art . 38 ... ... ... ... ... ... ... ... ... ... ... ... ... ... ... ... ... ... ... ... ... ... ... ... ... ... ... ... ... . ... ... ... ... ... ... ... ... ... ... ... ... ... ... ... ... ... ... ... ... ... ... ... ... ... ... ... ... ... ... ... ... ... ... ... ... ... ... ... .. XV – o Conselho Nacional de Política Indigenista . ” Em decorrência , ficam suprimidos os seguintes dispositivos da Medida Provisória 870 , de 1º de janeiro de 2019 : I- alínea ì´ do inciso I do art . 43 ; II- inciso XVII do art . 44 .",MOD,MOD
250,Inclua-se o seguinte inciso ao art . 39 da MPV 870/2019 : Art . 39 . Constitui área de competência do Ministério do Meio Ambiente : VII – Zoneamento Ecológico Econômico .,ADD,SUP
379,"MPV 870 00223 CMARA DOS DEPUTADOS MEDIDA PROVISÓRIA N.º 870 , DE 1.º DE JANEIRO DE 2019 CD/19460.45167-54 Estabelece a organização básica dos órgãos da Presidência da República e dos Ministérios . Emenda Modificativa",O,O
261,"MPV 870 00143 MEDIDA PROVISÓRIA Nº 870 , DE 2019 Estabelece a organização básica dos órgãos da Presidência da República e dos Ministérios . SF/19336.94701-99 EMENDA MODIFICATIVA",O,O
219,"MPV 870 00120 Comissão Mista destinada a proferir parecer à Medida Provisória nº 870 , de 2019 , que “ Estabelece a organização básica dos órgãos da Presidência da República e dos Ministérios ” – MPV870 EMENDA SUPRESSIVA Nº ____________ CD/19167.47150-89 ( Do Sr. Deputado Federal André Figueiredo – PDT/CE )",O,O
75,"Os artigos 24 e 85 , da Medida Provisória nº 870 , de 1º de janeiro de 2019 , passam a vigorar com as seguintes alterações : “ Art . 24 ... ... ... ... ... ... ... ... ... ... ... ... ... ... ... ... ... ... ... ... ... ... ... ... ... ... ... ... ... ... ... ... ... ... ... ... ... ... . ... ... ... ... ... ... ... ... ... ... ... ... ... ... ... ... ... ... ... ... ... ... ... ... ... ... ... ... ... ... ... ... ... ... ... ... ... ... ... ... ... .. XVII - o Conselho Nacional de Segurança Alimentar e Nutricional. ” “ Art . 85 ... ... ... ... ... ... ... ... ... ... ... ... ... ... ... ... ... ... ... ... ... ... ... ... ... ... ... ... ... ... ... ... ... ... ... ... ... . ... ... ... ... ... ... ... ... ... ... ... ... ... ... ... ... ... ... ... ... ... ... ... ... ... ... ... ... ... ... .. III - o inciso VI do § 1º do art . 7º da Lei nº 13.334 , de 2016 ; IV - o parágrafo único do art . 3º e os Anexos II e IV à Lei nº 13.346 , de 2016 ; e V - o § 1º do art . 3º da Lei nº 11.473 , de 2007 ; VI - a Lei nº 13.502 , de 1º de novembro de 2017 ; e VII - os seguintes dispositivos da Medida Provisória nº 849 , de 31 de agosto de 2018 : a ) o art . 2º ; b ) o art . 30 ; e c ) o Anexo LX ” .",MOD,MOD
110,"MPV 870 00064 EMENDA nº - CM ( à MPV nº 870 , de 2019 )",O,O
113,"Suprima-se o inciso II do art . 23 , constante na Medida Provisória n° 870 , de 2019 .",SUP,SUP
16,"MPV 870 00009 COMISSÃO MISTA DA MEDIDA PROVISÓRIA Nº 870 , DE 2019 . MEDIDA PROVISÓRIA Nº 870 , DE 2019 CD/19629.05559-13 Estabelece a organização básica dos órgãos da Presidência da República e dos Ministérios . EMENDA Nº",O,O
66,"MPV 870 CMARA DOS DEPUTADOS 00038 COMISSÃO MISTA DA MEDIDA PROVISÓRIA Nº 870 , DE 2019 MEDIDA PROVISÓRIA Nº 870 , DE 2019 Estabelece a organização básica dos órgãos da Presidência da República e CD/19704.33459-52 dos Ministérios . EMENDA SUPRESSIVA Nº , DE 2019 ( do Sr. EDUARDO BARBOSA )",O,O
272,"Suprime o parágrafo único do art . 33 da Medida Provisória nº 870 , de 1º de janeiro de 2019 , que estabelece a organização básica dos órgãos da Presidência da República e dos Ministérios . Suprima-se o parágrafo único , do art . 33 , da Medida Provisória nº 870 , de 1º de janeiro de 2019 , que estabelece a organização básica dos órgãos da Presidência da República e dos Ministérios .",SUP,O
7,"Art . 1º . Os arts . 19 e 57 , II , da Medida Provisória nº 870 , de 2019 , passam a vigorar com a seguinte redação : Art . 19 . Os Ministérios são os seguintes : ( ... ) III-A – da Cultura ; Art . 57 . ... ( ... ) II – o Ministério do Desenvolvimento Social e o Ministério do Esporte no Ministério da Cidadania ; Art . 2º . A Medida Provisória n.º 870 , de 2019 , passa a vigorar acrescida dos arts . 26-A e 26-B , com a seguinte redação : Art . 26-A . Constitui área de competência do Ministério da Cultura : I – política nacional de cultura ; II – proteção do patrimônio histórico e cultural ; III – regulação dos direitos autorais ; IV – assistência e acompanhamento do Instituto Nacional de Colonização e Reforma Agrária – INCRA nas ações de regularização fundiária , para garantir a preservação da identidade cultural dos remanescentes das comunidades dos quilombos ; V – desenvolvimento e implementação de políticas e ações de CD/19425.25504-04 acessibilidade cultural ; e VI – formulação e implementação de políticas , programas e ações para o desenvolvimento do setor museal . Art . 26-B . Integram a estrutura básica do Ministério da Cultura : I – o Conselho Superior de Cinema ; II – o Conselho Nacional de Política Cultural ; III – a Comissão Nacional de Incentivo à Cultura ; IV – a Comissão do Fundo Nacional da Cultura e V – até três secretarias . Por decorrência lógica , suprimam-se os incisos III , XI , XII , XIII e XIV , do art . 24 ; a alínea “ b ” , do inciso I , do art . 56 ; e a alínea “ k ” , do inciso II , do art . 56 , todos da Medida Provisória n. 870 , de 2019 .",MOD,MOD
19,"Suprima-se as alíneas “ a ” e “ b ” do inciso I do art . 7º da Medida Provisória no 870 , de 2019 .",SUP,SUP
176,"MPV 870 00096 MEDIDA PROVISÓRIA N.º 870 , DE 1.º DE JANEIRO DE 2019 Estabelece a organização básica dos órgãos da Presidência da República e dos Ministérios . EMENDA MODIFICATIVA CD/19152.05314-66",O,O
360,"MPV 870 00195 CMARA DOS DEPUTADOS Gabinete da Deputada Joenia Wapichana ( REDE/RR ) MEDIDA PROVISÓRIA Nº 870 , DE 2019 Emenda Modificativa nº , de 2019 Estabelece a organização básica dos órgãos da Presidência da República e dos Ministérios CD/19813.71744-41",O,O
354,"MPV 870 00192 CMARA DOS DEPUTADOS Gabinete da Deputada Joenia Wapichana ( REDE/RR ) MEDIDA PROVISÓRIA Nº 870 , DE 2019 Emenda Supressiva nº , de 2019 Estabelece a organização básica dos órgãos da Presidência da República e dos Ministérios CD/19542.72265-65",O,O
314,"Os Arts . 29 , 39 e 40 da Medida Provisória nº 870 , de 1º de janeiro de 2019 passam a vigorar com as seguintes alterações : CD/19103.60048-32 “ Art.29 ... ... ... ... ... ... ... ... ... ... ... ... ... ... ... ... ... ... ... ... ... ... ... ... ... ... ... ... ... ... ... ... ... ... ... ... ... ... ... ... ... ... . ... ... ... ... ... ... ... ... ... ... ... ... ... ... ... ... ... ... ... ... ... IV - política nacional de irrigação , observadas as competências do Ministério da Agricultura , Pecurária e Abastecimento ; V - política nacional de habitação ; VI - política nacional de saneamento ; VII - política nacional de mobilidade urbana ; VIII - formulação e gestão da política nacional de ordenamento territorial ; IX - estabelecimento de diretrizes e prioridades na aplicação dos recursos dos programas de financiamento de que trata a alínea “ c ” do inciso I do caput do art . 159 da Constituição ; X - estabelecimento de normas para o cumprimento dos programas de financiamento relativos ao Fundo Constitucional de Financiamento do Norte - FNO , ao Fundo Constitucional de Financiamento do Nordeste - FNE e ao Fundo Constitucional de Financiamento do Centro- Oeste - FCO ; XI - estabelecimento de normas para o cumprimento das programações orçamentárias do Fundo de Investimentos da Amazônia - Finam e do Fundo de Investimentos do Nordeste - Finor ; XII - estabelecimento de diretrizes e prioridades na aplicação dos recursos do Fundo de Desenvolvimento da Amazônia - FDA , do Fundo de Desenvolvimento do Nordeste - FDNE e do Fundo de Desenvolvimento do Centro-Oeste - FDCO ; XIII - estabelecimento de diretrizes e critérios de alocação dos recursos do Fundo Nacional de Habitação de Interesse Social - FNHIS ; XIV - estabelecimento de metas a serem alcançadas nos programas de habitação popular , saneamento básico e infraestrutura urbana realizados com aplicação de recursos do Fundo de Garantia do Tempo de Serviço - FGTS ; XV - estabelecimento de diretrizes e normas relativas à política de subsídio à habitação popular , ao saneamento e à mobilidade urbana ; XVI - planos , programas , projetos e ações de desenvolvimento regional , metropolitano e urbano ; XVII - planos , programas , projetos e ações de irrigação ; XVIII - planos , programas , projetos e ações de proteção e defesa civil e gestão de riscos e de desastres ; e XIX - planos , programas , projetos e ações de habitação , de saneamento , de mobilidade e de serviços urbanos . Parágrafo único . A competência de que trata o inciso VIII do caput será exercida em conjunto com o Ministério da Defesa ” . “ Art.39 ... ... ... ... ... ... ... ... ... ... ... ... ... ... ... ... ... ... ... ... ... ... ... ... ... ... ... ... ... ... ... ... ... ... ... ... ... ... ... ... ... ... . ... ... ... ... ... ... ... ... ... ... ... ... ... ... ... ... ... ... ... ... ... ... ... ... ... ... ... ... ... ... . VII – as políticas para o clima e , em particular , sob a coordenação da Casa Civil da Presidência da República , atuar para a implementação da Política Nacional sobre Mudanças CD/19103.60048-32 do Clima instituída pela Lei nº 12.187 , de 29 de dezembro de 2009 . VIII - política nacional de recursos hídricos ; IX - política nacional de segurança hídrica ; X - planos , programas , projetos e ações de : a ) gestão de recursos hídricos ; e b ) infraestrutura e garantia da segurança hídrica ; e XI – promover o fortalecimento da gestão ambiental territorial de povos e comunidades tradicionais ” . “ Art.40 ... ... ... ... ... ... ... ... ... ... ... ... ... ... ... ... ... ... ... ... ... ... ... ... ... ... ... ... ... ... ... ... ... ... ... ... ... ... ... ... ... ... . ... ... ... ... ... ... ... ... ... ... ... ... ... ... ... ... ... ... ... ... ... ... .. VII - até cinco Secretarias , incluindo uma Secretaria para as atribuições do Ministério , nas políticas para o clima ; XVII - o Conselho Nacional dos Povos e Comunidades Tradicionais ” .",MOD,MOD
299,"MPV 870 00164 MEDIDA PROVISÓRIA Nº 870 , DE 2019 EMENDA MODIFICATIVA",O,O
297,"MPV 870 00163 MEDIDA PROVISÓRIA Nº 870 , DE 2019 Estabelece a organização básica dos órgãos da Presidência da República e dos Ministérios . EMENDA MODIFICATIVA",O,O
392,"Acrescente-se nesta MP , inserindo no artigo 37 , letra b , o inciso XIV – aquela prevista no § 3º do art . 144 da Constituição , por meio da Polícia Ferroviária Federal ; Acrescentando de igual forma no Artigo 38 – Integra na estrutura básica do Ministério da Justiça e Segurança Pública , o Inciso XII- a Polícia Ferroviária Federal ;",ADD,ADD
302,"Suprima-se o §3º do Art . 21 ; e o inciso VI , do Art . 22 , da Medida Provisória nº 870 , de 1º de janeiro de 2019 .",SUP,SUP
60,"MPV 870 00035 CMARA DOS DEPUTADOS DEPUTADO FEDERAL JOÃO DANIEL PT/SE MEDIDA PROVISÓRIA Nº 870 , DE 2019 Estabelece a organização básica dos órgãos da Presidência da República e dos Ministérios . EMENDA MODIFICATIVA CD/19755.32979-51",O,O
79,"Os Arts . 37 , 38 , 43 e 44 , da Medida Provisória nº 870 , de 1º de janeiro de 2019 passam a vigorar com as seguintes alterações : “ Art . 37 ... ... ... ... ... ... ... ... ... ... ... ... ... ... ... ... ... ... ... ... ... ... ... ... ... ... ... ... ... ... ... ... ... ... ... .. ... ... ... ... ... ... ... ... ... ... ... ... ... ... ... ... ... ... ... ... ... ... ... ... ... ... ... ... ... ... ... ... ... ... ... .. XXIV - direitos do índio , inclusive , junto com o Ministério da Saúde , no acompanhamento das ações de saúde desenvolvidas em prol das comunidades indígenas ; gestão territo rial e produção econômica dos povos indígenas ; identificação , delimitação , demarcação e os registros das terras tradicionalmente ocupadas por indígenas em parceria com o Incra ; e o licenciamento ambiental em parceria com o Ibama ” . “ Art . 38 ... ... ... ... ... ... ... ... ... ... ... ... ... ... ... ... ... ... ... ... ... ... ... ... ... ... ... ... ... ... ... ... ... ... ... ... .. ... ... ... ... ... ... ... ... ... ... ... ... ... ... ... ... ... ... ... ... ... ... ... ... ... .. XV – Fundação Nacional do Índio ; e XVI - o Conselho Nacional da Juventude ” “ Art . 43 ... ... ... ... ... ... ... ... ... ... ... ... ... ... ... ... ... ... ... ... ... ... ... ... ... ... ... ... ... ... ... ... ... ... ... ... I - ... ... ... ... ... ... ... ... ... ... ... ... ... ... ... ... ... ... ... ... ... ... ... ... ... ... ... ... .. h ) direitos das minorias étnicas e sociais ” . “ Art . 44 ... ... ... ... ... ... ... ... ... ... ... ... ... ... ... ... ... ... ... ... ... ... ... ... ... ... ... ... ... ... ... ... . ... ... ... ... ... ... ... ... ... ... ... ... ... ... ... ... ... ... ... ... ... ... ... ... ... ... ... ... ... ... ... XVII - o Conselho Nacional dos Direitos da Mulher ; e XIX - o Conselho Nacional da Juventude ” .",MOD,MOD
289,"MPV 870 00159 MEDIDA PROVISÓRIA Nº 870 , DE 2019 Estabelece a organização básica dos órgãos da Presidência da República e dos Ministérios . EMENDA MODIFICATIVA",O,O
227,"MPV 870 00125 MEDIDA PROVISÓRIA Nº 870 , DE 2019 Estabelece a organização básica dos órgãos da Presidência da República e dos Ministérios . EMENDA MODIFICATIVA CD/19716.54791-14",O,O
304,"Suprimam-se o §3º do Art . 21 e o inciso VI , do Art . 22 , da Medida Provisória nº 870 , de 1º de janeiro de 2019 .",SUP,SUP
158,"nclua-se o inciso XVII ao Art . 19 ; os Artigos 53-A e 53-B ; e incisos ao artigo 56 , à Medida Provisória nº 870 , de 1º de janeiro de 2019 , com as seguintes redações : “ Art . 19 ... ... ... ... ... ... ... ... ... ... ... ... ... ... ... ... ... ... ... ... ... ... ... ... ... ... ... ... ... ... ... ... ... ... ... ... ... ... ... ... ... ... ... ... ... ... ... ... ... ... ... ... ... ... ... ... ... ... ... ... ... ... XVII – do Desenvolvimento Agrário . ... ... ... ... ... ... ... ... ... ... ... ... ... ... ... ... ... ... ... ... ... ... ... ... ... ... ... ... ... ... ... ... ... ... ... ... ... ... ... ... ... “ Art . 53-A - Constitui área de competência do Ministério do Desenvolvimento Agrário : I – a política de reforma agrária ; I – a política fundiária ; III – Política para o fomento produtivo , incluindo crédito , preços , seguro , assistência técnica e extensão rural , e infraestrutura ; o desenvolvimento sustentável ; e políticas sociais para o segmento rural constituído pelos agricultores familiares e assentados em projetos de reforma agrária ; Art . 53-B - Integram a estrutura básica do Ministério do Desenvolvimento Agrário : I – o Instituto Nacional de Colonização e Reforma Agrária ; II - o Conselho Nacional de Desenvolvimento Rural Sustentável ( CNDRS ) III - até quatro Secretarias ” . Art . 56 ... ... ... ... ... ... ... ... ... ... ... ... ... ... ... ... ... ... ... ... ... ... ... ... ... ... ... ... ... ... ... ... ... ... ... ... ... ... ... ... ... ... ... ... ... ... ... ... ... ... ... ... ... ... ... ... ... ... . II - ... ... ... ... ... ... ... ... ... ... ... ... ... ... ... ... ... ... ... ... ... ... ... ... ... ... ... ... ... ... ... ... ... ... ... ... ... ... ... ... ... ... ... ... . ... ... ... ... ... ... ... ... ... ... ... ... ... ... ... ... ... am ) Ministro de Estado do Desenvolvimento Agrário ; an ) cargo de Natureza Especial de Secretário-Executivo do Ministério do Desenvolvimento Agrário . CD/19528.95538-10",ADD,ADD
109,"Modifica o art . 64 da MP 870/2019 , que altera o art . 14 , da Lei nº 11.457/2007 . SF/19704.77461-85 Modifica o art . 64 da MP 870/2019 , alterando o parágrafo único do art . 14 , da Lei nº 11.457/2007 , que passa a ter seguinte redação : “ Art . 64 . ... ... ... ... ... ... ... ... ... ... ... ... ... ... ... ... ... ... ... ... ... ... ... ... ... ... ... ... ... ... ... ... ... ... ... ... .. ... ... ... ... ... ... ... ... ... ... ... ... ... ... ... ... ... ... ... ... ... ... ... ... ... ... ... ... ... ... ... ... ... ... ... ... ... ... Parágrafo único . Sem prejuízo das situações existentes na data de publicação desta Lei , os cargos em comissão e as funções de confiança a que se refere o caput são privativos de servidores : ... ... ... ... ... ... ... ... ... ... ... ... ... ... ... ... ... ... ... ... ... ... ... ... ... ... ... ... ... ... ... ... ... ... ... ... ... . ”",MOD,SUP
17,"Acrescente-se os incisos XXI , XXII e XXIV ao art . 21 da Medida Provisória : “ Art . 21 ... ... ... ... ... ... ... ... ... ... ... ... ... ... ... ... ... ... ... ... ... ... ... ... ... ... ... . ... ... ... ... ... ... ... ... ... ... ... ... ... ... ... ... ... ... ... ... ... ... ... ... ... ... ... ... ... ... .. XXI – Política Nacional de Mobilidade Rural ; XXI I – Política Nacional de Saneamento Rural ; XXI I – Política Nacional de Habitação Rural . ”",ADD,ADD
237,"III – Suprima-se , os seguintes dispositivos : a ) O inciso XXIV do art . 23 ; b ) O inciso XV e o §3º do art . 24 ; c ) Os incisos XXI a XXV do art . 31. d ) O incisos XXVIII a XXX do art . 31 ; e ) O inciso VI e o inciso XXII do art . 37 ; f ) A alínea “ k ” do inciso I do art . 56 ; g ) A Alínea “ ai ” do inciso I do art . 56 ; h ) O art . 83 ; IV – Suprima-se : a ) a expressão “ e Trabalho ” no inciso V do art . 32 , na alínea “ u ” do inciso II do art . 56 e na alínea “ c ” do inciso VI do art . 59 ; b ) a expressão “ Emprego ” no inciso VIII do art . 32 e na Alinea “ f ” do inciso VI do art . 59 ; c ) A expressão “ e do Ministério do Trabalho ” no §2º do art . 55 ; d ) A expressão “ e o Ministério do Trabalho ” no inciso I do art . 57 ;",SUP,SUP
24,"MPV 870 00014 COMISSÃO MISTA DESTINADA A EMITIR PARECER SOBRE A MEDIDA PROVISÓRIA N° 870 , DE 2019 MEDIDA PROVISÓRIA Nº 870 , DE 2019 Estabelece a organização básica dos órgãos da Presidência da República e dos Ministérios . CD/19153.45148-89 EMENDA Nº A",O,O
332,"Inclua-se o inciso XVII ao Art . 19 ; e os Artigos 53-A e 53-B , à Medida Provisória nº 870 , de 1º de janeiro de 2019 , com as seguintes redações : “ Art . 19 ... ... ... ... ... ... ... ... ... ... ... ... ... ... ... ... ... ... ... ... ... ... ... ... ... ... ... ... ... ... ... ... ... ... ... ... ... ... ... ... ... ... ... ... ... ... ... ... ... ... ... ... ... ... ... ... ... ... ... ... ... ... XVII – do Desenvolvimento Agrário . ... ... ... ... ... ... ... ... ... ... ... ... ... ... ... ... ... ... ... ... ... ... ... ... ... ... ... ... ... ... ... ... ... ... ... ... ... ... ... ... ... “ Art . 53-A - Constitui área de competência do Ministério do Desenvolvimento Agrário : I – a política de reforma agrária ; I – a política fundiária ; III – Política para o fomento produtivo , incluindo crédito , preços , seguro , assistência técnica e extensão rural , e infraestrutura ; o desenvolvimento sustentável ; e políticas sociais para o segmento rural constituído pelos agricultores familiares e assentados em projetos de reforma agrária ; Art . 53-B - Integram a estrutura básica do Ministério do Desenvolvimento Agrário : I – o Instituto Nacional de Colonização e Reforma Agrária ; II - o Conselho Nacional de Desenvolvimento Rural Sustentável ( CNDRS ) III - até quatro Secretarias ” . Senado Federal , Anexo II , 1º Andar , Ala Senador Ruy Carneiro , gabinete 01 | Praça dos Três Poderes | CEP 70165-900 | Brasília DF T elefone : +55 ( 61 ) 3303-6285 / 6284 | humberto.costa @ senador.leg.br Gabinete do Senador Humberto Costa",ADD,ADD
148,"MPV 870 00083 ETIQ UETA CONGRESSO NACIONAL APRESENTAÇÃO DE EMENDAS CD/19756.24863-13 MEDIDA PROVISÓRIA Nº 870 , de 2019 Autor Partido Elvino Bohn Gass PT 1 . .__X__ Supressiva 2.____ Substitutiva 3 . _____Modificativa 4 . _____Aditiva TEXTO / JUSTIFICAÇÃO",O,O
364,Dê-se nova redação ao inciso I do art . 39 da MPV 870/2019 : Art . 39 . Constitui área de competência do Ministério do Meio Ambiente : I - política nacional do meio ambiente e dos recursos hídricos ;,MOD,SUP
157,"MPV 870 00087 ETIQ UETA CONGRESSO NACIONAL APRESENTAÇÃO DE EMENDAS CD/19528.95538-10 MEDIDA PROVISÓRIA Nº 870 , de 2019 Autor Partido Elvino Bohn Gass PT 1 . .____ Supressiva 2.____ Substitutiva 3 . _____Modificativa 4 . __X__Aditiva TEXTO / JUSTIFICAÇÃO I",O,O
165,"MPV 870 00091 MEDIDA PROVISÓRIA N.º 870 , DE 1.º DE JANEIRO DE 2019 Estabelece a organização básica dos órgãos da Presidência da República e dos Ministérios .",O,O
248,"O Art . 24 , e o Art . 85 , da Medida Provisória nº 870 , de 1º de janeiro de 2019 , passam a vigorar com as seguintes alterações : “ Art.24 ... ... ... ... ... ... ... ... ... ... ... ... ... ... ... ... ... ... ... ... ... ... ... ... ... ... ... ... ... ... ... ... .. ... ... ... ... ... ... ... ... ... ... ... ... ... ... ... ... ... ... ... ... ... ... ... ... ... ... ... ... ... ... ... ... ... ... ... ... ... ... ... ... XVII - o Conselho Nacional de Segurança Alimentar e Nutricional. ” “ Art.85 ... ... ... ... ... ... ... ... ... ... ... ... ... ... ... ... ... ... ... ... ... ... ... ... ... ... ... ... ... ... ... ... .. ... ... ... ... ... ... ... ... ... ... ... ... ... ... ... ... ... ... ... ... ... ... ... ... ... ... ... ... ... ... ... ... ... III - o inciso VI do § 1º do art . 7º da Lei nº 13.334 , de 2016 ; IV - o parágrafo único do art . 3º e os Anexos II e IV à Lei nº 13.346 , de 2016 ; e V - o § 1º do art . 3º da Lei nº 11.473 , de 2007 ; VI - a Lei nº 13.502 , de 1º de novembro de 2017 ; e VII - os seguintes dispositivos da Medida Provisória nº 849 , de 31 de agosto de 2018 : a ) o art . 2º ; b ) o art . 30 ; e c ) o Anexo LX ” .",MOD,MOD
